Day,Light,Phase
2020-01-01 00:00:00,5.782546134345466,First Quarter
2020-01-02 00:00:00,6.782546134229051,First Quarter
2020-01-03 00:00:00,7.782546134621953,First Quarter
2020-01-04 00:00:00,8.782546134287259,First Quarter
2020-01-05 00:00:00,9.782546134469158,Waxing Gibbous
2020-01-06 00:00:00,10.782546134636505,Waxing Gibbous
2020-01-07 00:00:00,11.782546134309086,Waxing Gibbous
2020-01-08 00:00:00,12.782546134556469,Waxing Gibbous
2020-01-09 00:00:00,13.782546134389122,Full Moon
2020-01-10 00:00:00,14.782546134250879,Full Moon
2020-01-11 00:00:00,13.904167135449825,Full Moon
2020-01-12 00:00:00,12.904167135398893,Waning Gibbous
2020-01-13 00:00:00,11.904167135573516,Waning Gibbous
2020-01-14 00:00:00,10.904167135544412,Waning Gibbous
2020-01-15 00:00:00,9.904167135617172,Waning Gibbous
2020-01-16 00:00:00,8.904167135486205,Third Quarter
2020-01-17 00:00:00,7.904167135624448,Third Quarter
2020-01-18 00:00:00,6.90416713560262,Third Quarter
2020-01-19 00:00:00,5.904167135522584,Third Quarter
2020-01-20 00:00:00,4.9041671353334095,Waning Crescent
2020-01-21 00:00:00,3.904167135595344,Waning Crescent
2020-01-22 00:00:00,2.9041671355007566,Waning Crescent
2020-01-23 00:00:00,1.9041671356826555,Waning Crescent
2020-01-24 00:00:00,0.9041671354571008,New Moon
2020-01-25 00:00:00,0.09583286443375982,New Moon
2020-01-26 00:00:00,1.0958328644992434,New Moon
2020-01-27 00:00:00,2.095832864717522,Waxing Crescent
2020-01-28 00:00:00,3.0958328643610002,Waxing Crescent
2020-01-29 00:00:00,4.095832864331896,Waxing Crescent
2020-01-30 00:00:00,5.095832864477416,Waxing Crescent
2020-01-31 00:00:00,6.095832864688418,First Quarter
2020-02-01 00:00:00,7.095832864382828,First Quarter
2020-02-02 00:00:00,8.095832864637487,First Quarter
2020-02-03 00:00:00,9.095832864331896,First Quarter
2020-02-04 00:00:00,10.095832864724798,Waxing Gibbous
2020-02-05 00:00:00,11.095832864499243,Waxing Gibbous
2020-02-06 00:00:00,12.095832864673866,Waxing Gibbous
2020-02-07 00:00:00,13.095832864331896,Waxing Gibbous
2020-02-08 00:00:00,14.095832864557451,Full Moon
2020-02-09 00:00:00,14.647230197355384,Full Moon
2020-02-10 00:00:00,13.647230196889723,Full Moon
2020-02-11 00:00:00,12.647230196882447,Waning Gibbous
2020-02-12 00:00:00,11.647230197137105,Waning Gibbous
2020-02-13 00:00:00,10.647230197086174,Waning Gibbous
2020-02-14 00:00:00,9.647230197144381,Waning Gibbous
2020-02-15 00:00:00,8.647230196889723,Third Quarter
2020-02-16 00:00:00,7.647230196962482,Third Quarter
2020-02-17 00:00:00,6.647230196853343,Third Quarter
2020-02-18 00:00:00,5.647230197035242,Third Quarter
2020-02-19 00:00:00,4.647230196911551,Waning Crescent
2020-02-20 00:00:00,3.6472301972462446,Waning Crescent
2020-02-21 00:00:00,2.6472301969552063,Waning Crescent
2020-02-22 00:00:00,1.6472301972899004,New Moon
2020-02-23 00:00:00,0.6472301972753485,New Moon
2020-02-24 00:00:00,0.3527698030011379,New Moon
2020-02-25 00:00:00,1.3527698027537554,New Moon
2020-02-26 00:00:00,2.352769802790135,Waxing Crescent
2020-02-27 00:00:00,3.352769803001138,Waxing Crescent
2020-02-28 00:00:00,4.352769803132105,Waxing Crescent
2020-02-29 00:00:00,5.352769803095725,Waxing Crescent
2020-03-01 00:00:00,6.352769802819239,First Quarter
2020-03-02 00:00:00,7.352769803139381,First Quarter
2020-03-03 00:00:00,8.352769802651892,First Quarter
2020-03-04 00:00:00,9.352769802739203,Waxing Gibbous
2020-03-05 00:00:00,10.352769802688272,Waxing Gibbous
2020-03-06 00:00:00,11.352769803059346,Waxing Gibbous
2020-03-07 00:00:00,12.352769802695548,Waxing Gibbous
2020-03-08 00:00:00,13.352769802811963,Full Moon
2020-03-09 00:00:00,14.352769802855619,Full Moon
2020-03-10 00:00:00,14.394586727044953,Full Moon
2020-03-11 00:00:00,13.394586727146816,Full Moon
2020-03-12 00:00:00,12.394586727270507,Waning Gibbous
2020-03-13 00:00:00,11.39458672713954,Waning Gibbous
2020-03-14 00:00:00,10.394586727350543,Waning Gibbous
2020-03-15 00:00:00,9.394586727306887,Waning Gibbous
2020-03-16 00:00:00,8.3945867270304,Third Quarter
2020-03-17 00:00:00,7.394586726994021,Third Quarter
2020-03-18 00:00:00,6.394586727306887,Third Quarter
2020-03-19 00:00:00,5.39458672717592,Waning Crescent
2020-03-20 00:00:00,4.394586727197748,Waning Crescent
2020-03-21 00:00:00,3.394586727132264,Waning Crescent
2020-03-22 00:00:00,2.394586727452406,Waning Crescent
2020-03-23 00:00:00,1.394586727328715,New Moon
2020-03-24 00:00:00,0.39458672732143896,New Moon
2020-03-25 00:00:00,0.6054132726130774,New Moon
2020-03-26 00:00:00,1.6054132729914272,New Moon
2020-03-27 00:00:00,2.60541327282408,Waxing Crescent
2020-03-28 00:00:00,3.6054132725548698,Waxing Crescent
2020-03-29 00:00:00,4.6054132725985255,Waxing Crescent
2020-03-30 00:00:00,5.605413272533042,First Quarter
2020-03-31 00:00:00,6.605413272664009,First Quarter
2020-04-01 00:00:00,7.605413272867736,First Quarter
2020-04-02 00:00:00,8.605413272525766,First Quarter
2020-04-03 00:00:00,9.605413272802252,Waxing Gibbous
2020-04-04 00:00:00,10.60541327266401,Waxing Gibbous
2020-04-05 00:00:00,11.605413272634905,Waxing Gibbous
2020-04-06 00:00:00,12.605413272547594,Waxing Gibbous
2020-04-07 00:00:00,13.605413272940496,Full Moon
2020-04-08 00:00:00,14.605413272882288,Full Moon
2020-04-09 00:00:00,14.101277044508606,Full Moon
2020-04-10 00:00:00,13.101277044632297,Full Moon
2020-04-11 00:00:00,12.101277044617746,Waning Gibbous
2020-04-12 00:00:00,11.101277044414019,Waning Gibbous
2020-04-13 00:00:00,10.101277044581366,Waning Gibbous
2020-04-14 00:00:00,9.101277044748713,Third Quarter
2020-04-15 00:00:00,8.101277044414019,Third Quarter
2020-04-16 00:00:00,7.101277044472226,Third Quarter
2020-04-17 00:00:00,6.101277044828748,Third Quarter
2020-04-18 00:00:00,5.101277044406743,Waning Crescent
2020-04-19 00:00:00,4.101277044508606,Waning Crescent
2020-04-20 00:00:00,3.10127704453771,Waning Crescent
2020-04-21 00:00:00,2.1012770446541253,Waning Crescent
2020-04-22 00:00:00,1.1012770447850926,New Moon
2020-04-23 00:00:00,0.10127704444312258,New Moon
2020-04-24 00:00:00,0.8987229551785276,New Moon
2020-04-25 00:00:00,1.8987229553968064,Waxing Crescent
2020-04-26 00:00:00,2.8987229553385987,Waxing Crescent
2020-04-27 00:00:00,3.898722955251287,Waxing Crescent
2020-04-28 00:00:00,4.8987229553677025,Waxing Crescent
2020-04-29 00:00:00,5.898722955440462,First Quarter
2020-04-30 00:00:00,6.898722955258563,First Quarter
2020-05-01 00:00:00,7.898722955163976,First Quarter
2020-05-02 00:00:00,8.898722955331323,First Quarter
2020-05-03 00:00:00,9.898722955149424,Waxing Gibbous
2020-05-04 00:00:00,10.898722955433186,Waxing Gibbous
2020-05-05 00:00:00,11.898722955578705,Waxing Gibbous
2020-05-06 00:00:00,12.898722955338599,Waxing Gibbous
2020-05-07 00:00:00,13.898722955622361,Full Moon
2020-05-08 00:00:00,14.735304818117584,Full Moon
2020-05-09 00:00:00,13.73530481785565,Full Moon
2020-05-10 00:00:00,12.735304818073928,Waning Gibbous
2020-05-11 00:00:00,11.735304818255827,Waning Gibbous
2020-05-12 00:00:00,10.735304817899305,Waning Gibbous
2020-05-13 00:00:00,9.735304818175791,Waning Gibbous
2020-05-14 00:00:00,8.735304818117584,Third Quarter
2020-05-15 00:00:00,7.735304818081204,Third Quarter
2020-05-16 00:00:00,6.735304818219447,Third Quarter
2020-05-17 00:00:00,5.735304817884753,Third Quarter
2020-05-18 00:00:00,4.735304818343138,Waning Crescent
2020-05-19 00:00:00,3.735304817870201,Waning Crescent
2020-05-20 00:00:00,2.735304818059376,Waning Crescent
2020-05-21 00:00:00,1.735304817892029,New Moon
2020-05-22 00:00:00,0.7353048180157202,New Moon
2020-05-23 00:00:00,0.2646951816859655,New Moon
2020-05-24 00:00:00,1.2646951817951049,New Moon
2020-05-25 00:00:00,2.264695181751449,Waxing Crescent
2020-05-26 00:00:00,3.2646951818169327,Waxing Crescent
2020-05-27 00:00:00,4.264695181904244,Waxing Crescent
2020-05-28 00:00:00,5.264695182093419,Waxing Crescent
2020-05-29 00:00:00,6.264695182122523,First Quarter
2020-05-30 00:00:00,7.264695181998832,First Quarter
2020-05-31 00:00:00,8.264695181933348,First Quarter
2020-06-01 00:00:00,9.264695181867864,Waxing Gibbous
2020-06-02 00:00:00,10.2646951819479,Waxing Gibbous
2020-06-03 00:00:00,11.264695181656862,Waxing Gibbous
2020-06-04 00:00:00,12.264695182006108,Waxing Gibbous
2020-06-05 00:00:00,13.264695182158903,Full Moon
2020-06-06 00:00:00,14.264695181882416,Full Moon
2020-06-07 00:00:00,14.27877277330117,Full Moon
2020-06-08 00:00:00,13.27877277341031,Full Moon
2020-06-09 00:00:00,12.278772773250239,Waning Gibbous
2020-06-10 00:00:00,11.278772773599485,Waning Gibbous
2020-06-11 00:00:00,10.278772773417586,Waning Gibbous
2020-06-12 00:00:00,9.27877277341031,Waning Gibbous
2020-06-13 00:00:00,8.278772773563105,Third Quarter
2020-06-14 00:00:00,7.278772773512173,Third Quarter
2020-06-15 00:00:00,6.278772773352102,Third Quarter
2020-06-16 00:00:00,5.278772773315723,Waning Crescent
2020-06-17 00:00:00,4.278772773548553,Waning Crescent
2020-06-18 00:00:00,3.278772773264791,Waning Crescent
2020-06-19 00:00:00,2.2787727733448264,Waning Crescent
2020-06-20 00:00:00,1.2787727733302745,New Moon
2020-06-21 00:00:00,0.27877277357765706,New Moon
2020-06-22 00:00:00,0.721227226407791,New Moon
2020-06-23 00:00:00,1.7212272263132036,Waxing Crescent
2020-06-24 00:00:00,2.7212272264951025,Waxing Crescent
2020-06-25 00:00:00,3.721227226400515,Waxing Crescent
2020-06-26 00:00:00,4.7212272265023785,Waxing Crescent
2020-06-27 00:00:00,5.7212272264951025,First Quarter
2020-06-28 00:00:00,6.721227226407791,First Quarter
2020-06-29 00:00:00,7.721227226706105,First Quarter
2020-06-30 00:00:00,8.721227226677001,First Quarter
2020-07-01 00:00:00,9.721227226575138,Waxing Gibbous
2020-07-02 00:00:00,10.721227226473275,Waxing Gibbous
2020-07-03 00:00:00,11.721227226378687,Waxing Gibbous
2020-07-04 00:00:00,12.721227226291376,Waxing Gibbous
2020-07-05 00:00:00,13.721227226327755,Full Moon
2020-07-06 00:00:00,14.721227226727933,Full Moon
2020-07-07 00:00:00,13.731202015078452,Full Moon
2020-07-08 00:00:00,12.731202015449526,Waning Gibbous
2020-07-09 00:00:00,11.731202015325835,Waning Gibbous
2020-07-10 00:00:00,10.731202015420422,Waning Gibbous
2020-07-11 00:00:00,9.731202015194867,Waning Gibbous
2020-07-12 00:00:00,8.731202015529561,Third Quarter
2020-07-13 00:00:00,7.731202015471354,Third Quarter
2020-07-14 00:00:00,6.731202015260351,Third Quarter
2020-07-15 00:00:00,5.731202015238523,Third Quarter
2020-07-16 00:00:00,4.731202015282179,Waning Crescent
2020-07-17 00:00:00,3.731202015274903,Waning Crescent
2020-07-18 00:00:00,2.7312020151657634,Waning Crescent
2020-07-19 00:00:00,1.7312020153185586,New Moon
2020-07-20 00:00:00,0.7312020153331105,New Moon
2020-07-21 00:00:00,0.26879798455775017,New Moon
2020-07-22 00:00:00,1.2687979846959934,New Moon
2020-07-23 00:00:00,2.2687979846377857,Waxing Crescent
2020-07-24 00:00:00,3.2687979844631627,Waxing Crescent
2020-07-25 00:00:00,4.268797984550474,Waxing Crescent
2020-07-26 00:00:00,5.268797984550474,Waxing Crescent
2020-07-27 00:00:00,6.268797984754201,First Quarter
2020-07-28 00:00:00,7.268797984732373,First Quarter
2020-07-29 00:00:00,8.268797984914272,First Quarter
2020-07-30 00:00:00,9.268797984645062,Waxing Gibbous
2020-07-31 00:00:00,10.268797984455887,Waxing Gibbous
2020-08-01 00:00:00,11.26879798463051,Waxing Gibbous
2020-08-02 00:00:00,12.268797984797857,Waxing Gibbous
2020-08-03 00:00:00,13.268797984506818,Full Moon
2020-08-04 00:00:00,14.268797984754201,Full Moon
2020-08-05 00:00:00,14.112251348778955,Full Moon
2020-08-06 00:00:00,13.112251349011785,Full Moon
2020-08-07 00:00:00,12.112251348960854,Waning Gibbous
2020-08-08 00:00:00,11.112251349120925,Waning Gibbous
2020-08-09 00:00:00,10.112251348844438,Waning Gibbous
2020-08-10 00:00:00,9.112251349062717,Third Quarter
2020-08-11 00:00:00,8.11225134889537,Third Quarter
2020-08-12 00:00:00,7.112251349186408,Third Quarter
2020-08-13 00:00:00,6.112251349099097,Third Quarter
2020-08-14 00:00:00,5.112251348793507,Waning Crescent
2020-08-15 00:00:00,4.112251348742575,Waning Crescent
2020-08-16 00:00:00,3.1122513490336132,Waning Crescent
2020-08-17 00:00:00,2.112251348902646,Waning Crescent
2020-08-18 00:00:00,1.1122513491936843,New Moon
2020-08-19 00:00:00,0.11225134920096025,New Moon
2020-08-20 00:00:00,0.8877486512501491,New Moon
2020-08-21 00:00:00,1.8877486512501491,Waxing Crescent
2020-08-22 00:00:00,2.8877486510609742,Waxing Crescent
2020-08-23 00:00:00,3.887748650937283,Waxing Crescent
2020-08-24 00:00:00,4.887748650857247,Waxing Crescent
2020-08-25 00:00:00,5.8877486510100425,First Quarter
2020-08-26 00:00:00,6.887748650791764,First Quarter
2020-08-27 00:00:00,7.887748650777212,First Quarter
2020-08-28 00:00:00,8.88774865095911,First Quarter
2020-08-29 00:00:00,9.887748650784488,Waxing Gibbous
2020-08-30 00:00:00,10.887748651111906,Waxing Gibbous
2020-08-31 00:00:00,11.887748651053698,Waxing Gibbous
2020-09-01 00:00:00,12.887748651170114,Full Moon
2020-09-02 00:00:00,13.8877486508718,Full Moon
2020-09-03 00:00:00,14.458464581541193,Full Moon
2020-09-04 00:00:00,13.4584645812065,Full Moon
2020-09-05 00:00:00,12.458464581381122,Waning Gibbous
2020-09-06 00:00:00,11.458464581504813,Waning Gibbous
2020-09-07 00:00:00,10.458464581373846,Waning Gibbous
2020-09-08 00:00:00,9.458464581337466,Waning Gibbous
2020-09-09 00:00:00,8.45846458125743,Third Quarter
2020-09-10 00:00:00,7.458464581373846,Third Quarter
2020-09-11 00:00:00,6.458464581155567,Third Quarter
2020-09-12 00:00:00,5.458464581301087,Waning Crescent
2020-09-13 00:00:00,4.458464581271983,Waning Crescent
2020-09-14 00:00:00,3.4584645814393298,Waning Crescent
2020-09-15 00:00:00,2.458464581410226,Waning Crescent
2020-09-16 00:00:00,1.4584645814466057,New Moon
2020-09-17 00:00:00,0.45846458134474233,New Moon
2020-09-18 00:00:00,0.5415354187571211,New Moon
2020-09-19 00:00:00,1.5415354186625336,New Moon
2020-09-20 00:00:00,2.541535418458807,Waxing Crescent
2020-09-21 00:00:00,3.541535418909916,Waxing Crescent
2020-09-22 00:00:00,4.541535418575222,Waxing Crescent
2020-09-23 00:00:00,5.541535418895364,First Quarter
2020-09-24 00:00:00,6.541535418917192,First Quarter
2020-09-25 00:00:00,7.541535418662534,First Quarter
2020-09-26 00:00:00,8.54153541848791,First Quarter
2020-09-27 00:00:00,9.54153541886626,Waxing Gibbous
2020-09-28 00:00:00,10.541535418684362,Waxing Gibbous
2020-09-29 00:00:00,11.541535418735293,Waxing Gibbous
2020-09-30 00:00:00,12.54153541866981,Waxing Gibbous
2020-10-01 00:00:00,13.541535418618878,Full Moon
2020-10-02 00:00:00,14.541535418873536,Full Moon
2020-10-03 00:00:00,13.813216153735993,Full Moon
2020-10-04 00:00:00,12.813216153881513,Waning Gibbous
2020-10-05 00:00:00,11.813216153532267,Waning Gibbous
2020-10-06 00:00:00,10.813216153626854,Waning Gibbous
2020-10-07 00:00:00,9.81321615390334,Waning Gibbous
2020-10-08 00:00:00,8.813216153925168,Third Quarter
2020-10-09 00:00:00,7.813216153932444,Third Quarter
2020-10-10 00:00:00,6.813216153786925,Third Quarter
2020-10-11 00:00:00,5.813216153612302,Third Quarter
2020-10-12 00:00:00,4.813216153524991,Waning Crescent
2020-10-13 00:00:00,3.8132161535322666,Waning Crescent
2020-10-14 00:00:00,2.813216153663234,Waning Crescent
2020-10-15 00:00:00,1.813216153816029,New Moon
2020-10-16 00:00:00,0.813216153801477,New Moon
2020-10-17 00:00:00,0.18678384646045743,New Moon
2020-10-18 00:00:00,1.1867838461475912,New Moon
2020-10-19 00:00:00,2.1867838462858344,Waxing Crescent
2020-10-20 00:00:00,3.186783846169419,Waxing Crescent
2020-10-21 00:00:00,4.186783846511389,Waxing Crescent
2020-10-22 00:00:00,5.186783846147591,Waxing Crescent
2020-10-23 00:00:00,6.186783846162143,First Quarter
2020-10-24 00:00:00,7.186783846140315,First Quarter
2020-10-25 00:00:00,8.186783846242179,First Quarter
2020-10-26 00:00:00,9.186783846176695,Waxing Gibbous
2020-10-27 00:00:00,10.186783846285834,Waxing Gibbous
2020-10-28 00:00:00,11.186783846373146,Waxing Gibbous
2020-10-29 00:00:00,12.18678384622035,Waxing Gibbous
2020-10-30 00:00:00,13.186783846351318,Full Moon
2020-10-31 00:00:00,14.186783846533217,Full Moon
2020-11-01 00:00:00,14.21331419753551,Full Moon
2020-11-02 00:00:00,13.213314197259024,Full Moon
2020-11-03 00:00:00,12.213314197491854,Waning Gibbous
2020-11-04 00:00:00,11.213314197113505,Waning Gibbous
2020-11-05 00:00:00,10.213314197186264,Waning Gibbous
2020-11-06 00:00:00,9.213314197419095,Third Quarter
2020-11-07 00:00:00,8.213314197346335,Third Quarter
2020-11-08 00:00:00,7.213314197433647,Third Quarter
2020-11-09 00:00:00,6.213314197360887,Third Quarter
2020-11-10 00:00:00,5.213314197251748,Waning Crescent
2020-11-11 00:00:00,4.2133141971353325,Waning Crescent
2020-11-12 00:00:00,3.213314197389991,Waning Crescent
2020-11-13 00:00:00,2.2133141972735757,Waning Crescent
2020-11-14 00:00:00,1.2133141973608872,New Moon
2020-11-15 00:00:00,0.21331419710622868,New Moon
2020-11-16 00:00:00,0.7866858027191483,New Moon
2020-11-17 00:00:00,1.7866858025226975,Waxing Crescent
2020-11-18 00:00:00,2.786685802610009,Waxing Crescent
2020-11-19 00:00:00,3.786685802631837,Waxing Crescent
2020-11-20 00:00:00,4.786685802813736,Waxing Crescent
2020-11-21 00:00:00,5.786685802726424,First Quarter
2020-11-22 00:00:00,6.78668580277008,First Quarter
2020-11-23 00:00:00,7.786685802726424,First Quarter
2020-11-24 00:00:00,8.786685802566353,First Quarter
2020-11-25 00:00:00,9.786685802791908,Waxing Gibbous
2020-11-26 00:00:00,10.786685802646389,Waxing Gibbous
2020-11-27 00:00:00,11.786685802668217,Waxing Gibbous
2020-11-28 00:00:00,12.786685802457214,Waxing Gibbous
2020-11-29 00:00:00,13.786685802544525,Full Moon
2020-11-30 00:00:00,14.67817568800092,Full Moon
2020-12-01 00:00:00,13.678175687869953,Full Moon
2020-12-02 00:00:00,12.678175687709881,Waning Gibbous
2020-12-03 00:00:00,11.678175688175543,Waning Gibbous
2020-12-04 00:00:00,10.678175688146439,Waning Gibbous
2020-12-05 00:00:00,9.678175687782641,Waning Gibbous
2020-12-06 00:00:00,8.678175688131887,Third Quarter
2020-12-07 00:00:00,7.678175687768089,Third Quarter
2020-12-08 00:00:00,6.678175687753537,Third Quarter
2020-12-09 00:00:00,5.678175687993644,Third Quarter
2020-12-10 00:00:00,4.67817568800092,Waning Crescent
2020-12-11 00:00:00,3.678175687768089,Waning Crescent
2020-12-12 00:00:00,2.678175688124611,Waning Crescent
2020-12-13 00:00:00,1.678175687957264,New Moon
2020-12-14 00:00:00,0.678175688139163,New Moon
2020-12-15 00:00:00,0.3218243121300475,New Moon
2020-12-16 00:00:00,1.3218243121882551,New Moon
2020-12-17 00:00:00,2.32182431207184,Waxing Crescent
2020-12-18 00:00:00,3.321824312210083,Waxing Crescent
2020-12-19 00:00:00,4.321824312261015,Waxing Crescent
2020-12-20 00:00:00,5.321824311824457,Waxing Crescent
2020-12-21 00:00:00,6.321824312210083,First Quarter
2020-12-22 00:00:00,7.321824312151875,First Quarter
2020-12-23 00:00:00,8.321824311860837,First Quarter
2020-12-24 00:00:00,9.321824312290119,Waxing Gibbous
2020-12-25 00:00:00,10.321824311875389,Waxing Gibbous
2020-12-26 00:00:00,11.321824311875389,Waxing Gibbous
2020-12-27 00:00:00,12.321824312006356,Waxing Gibbous
2020-12-28 00:00:00,13.321824311831733,Full Moon
2020-12-29 00:00:00,14.321824311977252,Full Moon
2020-12-30 00:00:00,14.208451018363121,Full Moon
2020-12-31 00:00:00,13.208451018064807,Full Moon
2021-01-01 00:00:00,12.208451018035703,Waning Gibbous
2021-01-02 00:00:00,11.208451018494088,Waning Gibbous
2021-01-03 00:00:00,10.20845101820305,Waning Gibbous
2021-01-04 00:00:00,9.208451018152118,Third Quarter
2021-01-05 00:00:00,8.208451018173946,Third Quarter
2021-01-06 00:00:00,7.208451018159394,Third Quarter
2021-01-07 00:00:00,6.208451018486812,Third Quarter
2021-01-08 00:00:00,5.208451018188498,Waning Crescent
2021-01-09 00:00:00,4.208451018494088,Waning Crescent
2021-01-10 00:00:00,3.2084510181302903,Waning Crescent
2021-01-11 00:00:00,2.2084510182539816,Waning Crescent
2021-01-12 00:00:00,1.2084510182903614,New Moon
2021-01-13 00:00:00,0.20845101814484224,New Moon
2021-01-14 00:00:00,0.7915489817969501,New Moon
2021-01-15 00:00:00,1.7915489817241905,New Moon
2021-01-16 00:00:00,2.7915489819206414,Waxing Crescent
2021-01-17 00:00:00,3.791548981680535,Waxing Crescent
2021-01-18 00:00:00,4.791548981687811,Waxing Crescent
2021-01-19 00:00:00,5.791548981927917,First Quarter
2021-01-20 00:00:00,6.791548981942469,First Quarter
2021-01-21 00:00:00,7.791548981957021,First Quarter
2021-01-22 00:00:00,8.791548981884262,First Quarter
2021-01-23 00:00:00,9.79154898186971,Waxing Gibbous
2021-01-24 00:00:00,10.791548981702363,Waxing Gibbous
2021-01-25 00:00:00,11.791548981615051,Waxing Gibbous
2021-01-26 00:00:00,12.791548981898814,Waxing Gibbous
2021-01-27 00:00:00,13.791548981673259,Full Moon
2021-01-28 00:00:00,14.791548981898814,Full Moon
2021-01-29 00:00:00,13.79559610439901,Full Moon
2021-01-30 00:00:00,12.795596104580909,Waning Gibbous
2021-01-31 00:00:00,11.795596104253491,Waning Gibbous
2021-02-01 00:00:00,10.795596104282595,Waning Gibbous
2021-02-02 00:00:00,9.795596104610013,Waning Gibbous
2021-02-03 00:00:00,8.795596104195283,Third Quarter
2021-02-04 00:00:00,7.795596104231663,Third Quarter
2021-02-05 00:00:00,6.795596104559081,Third Quarter
2021-02-06 00:00:00,5.795596104522701,Third Quarter
2021-02-07 00:00:00,4.795596104442666,Waning Crescent
2021-02-08 00:00:00,3.7955961044717696,Waning Crescent
2021-02-09 00:00:00,2.7955961041297996,Waning Crescent
2021-02-10 00:00:00,1.7955961044935975,New Moon
2021-02-11 00:00:00,0.7955961045663571,New Moon
2021-02-12 00:00:00,0.20440389533905545,New Moon
2021-02-13 00:00:00,1.2044038958629244,New Moon
2021-02-14 00:00:00,2.20440389556461,Waxing Crescent
2021-02-15 00:00:00,3.204403895782889,Waxing Crescent
2021-02-16 00:00:00,4.204403895746509,Waxing Crescent
2021-02-17 00:00:00,5.204403895389987,Waxing Crescent
2021-02-18 00:00:00,6.204403895702853,First Quarter
2021-02-19 00:00:00,7.20440389560099,First Quarter
2021-02-20 00:00:00,8.20440389549185,First Quarter
2021-02-21 00:00:00,9.204403895397263,First Quarter
2021-02-22 00:00:00,10.204403895666474,Waxing Gibbous
2021-02-23 00:00:00,11.204403895848372,Waxing Gibbous
2021-02-24 00:00:00,12.204403895739233,Waxing Gibbous
2021-02-25 00:00:00,13.204403895542782,Full Moon
2021-02-26 00:00:00,14.20440389545547,Full Moon
2021-02-27 00:00:00,14.431346066987317,Full Moon
2021-02-28 00:00:00,13.43134606660169,Full Moon
2021-03-01 00:00:00,12.431346066805418,Waning Gibbous
2021-03-02 00:00:00,11.431346066972765,Waning Gibbous
2021-03-03 00:00:00,10.43134606671083,Waning Gibbous
2021-03-04 00:00:00,9.431346066739934,Waning Gibbous
2021-03-05 00:00:00,8.431346066798142,Third Quarter
2021-03-06 00:00:00,7.431346066754486,Third Quarter
2021-03-07 00:00:00,6.431346066980041,Third Quarter
2021-03-08 00:00:00,5.431346066885453,Waning Crescent
2021-03-09 00:00:00,4.431346066645347,Waning Crescent
2021-03-10 00:00:00,3.431346067067352,Waning Crescent
2021-03-11 00:00:00,2.431346066769038,Waning Crescent
2021-03-12 00:00:00,1.4313460669436608,New Moon
2021-03-13 00:00:00,0.43134606663079467,New Moon
2021-03-14 00:00:00,0.5686539334055851,New Moon
2021-03-15 00:00:00,1.5686539333182736,New Moon
2021-03-16 00:00:00,2.568653933405585,Waxing Crescent
2021-03-17 00:00:00,3.5686539331945824,Waxing Crescent
2021-03-18 00:00:00,4.568653933361929,Waxing Crescent
2021-03-19 00:00:00,5.568653933209134,First Quarter
2021-03-20 00:00:00,6.568653933187306,First Quarter
2021-03-21 00:00:00,7.568653933223686,First Quarter
2021-03-22 00:00:00,8.568653933376481,First Quarter
2021-03-23 00:00:00,9.568653933332826,Waxing Gibbous
2021-03-24 00:00:00,10.56865393332555,Waxing Gibbous
2021-03-25 00:00:00,11.568653933034511,Waxing Gibbous
2021-03-26 00:00:00,12.56865393305634,Waxing Gibbous
2021-03-27 00:00:00,13.568653932954476,Full Moon
2021-03-28 00:00:00,14.56865393325279,Full Moon
2021-03-29 00:00:00,14.104734479136823,Full Moon
2021-03-30 00:00:00,13.104734479078616,Full Moon
2021-03-31 00:00:00,12.104734479442413,Waning Gibbous
2021-04-01 00:00:00,11.104734479085892,Waning Gibbous
2021-04-02 00:00:00,10.104734479173203,Waning Gibbous
2021-04-03 00:00:00,9.104734479369654,Third Quarter
2021-04-04 00:00:00,8.10473447919503,Third Quarter
2021-04-05 00:00:00,7.104734479347826,Third Quarter
2021-04-06 00:00:00,6.10473447930417,Third Quarter
2021-04-07 00:00:00,5.104734479020408,Waning Crescent
2021-04-08 00:00:00,4.104734479209583,Waning Crescent
2021-04-09 00:00:00,3.1047344791222713,Waning Crescent
2021-04-10 00:00:00,2.1047344792823424,Waning Crescent
2021-04-11 00:00:00,1.1047344793696539,New Moon
2021-04-12 00:00:00,0.10473447945696535,New Moon
2021-04-13 00:00:00,0.8952655205866904,New Moon
2021-04-14 00:00:00,1.895265520994144,New Moon
2021-04-15 00:00:00,2.895265520521207,Waxing Crescent
2021-04-16 00:00:00,3.895265520834073,Waxing Crescent
2021-04-17 00:00:00,4.895265520863177,Waxing Crescent
2021-04-18 00:00:00,5.895265520688554,First Quarter
2021-04-19 00:00:00,6.895265520783141,First Quarter
2021-04-20 00:00:00,7.895265520870453,First Quarter
2021-04-21 00:00:00,8.895265520506655,First Quarter
2021-04-22 00:00:00,9.895265520601242,Waxing Gibbous
2021-04-23 00:00:00,10.895265520543035,Waxing Gibbous
2021-04-24 00:00:00,11.895265520986868,Waxing Gibbous
2021-04-25 00:00:00,12.89526552055031,Waxing Gibbous
2021-04-26 00:00:00,13.895265520812245,Full Moon
2021-04-27 00:00:00,14.791503607171762,Full Moon
2021-04-28 00:00:00,13.79150360719359,Full Moon
2021-04-29 00:00:00,12.79150360699714,Waning Gibbous
2021-04-30 00:00:00,11.79150360699714,Waning Gibbous
2021-05-01 00:00:00,10.79150360726635,Waning Gibbous
2021-05-02 00:00:00,9.791503607048071,Waning Gibbous
2021-05-03 00:00:00,8.791503607142658,Third Quarter
2021-05-04 00:00:00,7.791503607186314,Third Quarter
2021-05-05 00:00:00,6.791503607055347,Third Quarter
2021-05-06 00:00:00,5.7915036071281065,Third Quarter
2021-05-07 00:00:00,4.791503607113555,Waning Crescent
2021-05-08 00:00:00,3.7915036069825874,Waning Crescent
2021-05-09 00:00:00,2.7915036069607595,Waning Crescent
2021-05-10 00:00:00,1.791503607040795,New Moon
2021-05-11 00:00:00,0.7915036069680355,New Moon
2021-05-12 00:00:00,0.2084963926608907,New Moon
2021-05-13 00:00:00,1.2084963930537924,New Moon
2021-05-14 00:00:00,2.2084963928718935,Waxing Crescent
2021-05-15 00:00:00,3.2084963926972705,Waxing Crescent
2021-05-16 00:00:00,4.208496393053792,Waxing Crescent
2021-05-17 00:00:00,5.208496392791858,Waxing Crescent
2021-05-18 00:00:00,6.208496392900997,First Quarter
2021-05-19 00:00:00,7.20849639284279,First Quarter
2021-05-20 00:00:00,8.208496392871893,First Quarter
2021-05-21 00:00:00,9.208496393010137,First Quarter
2021-05-22 00:00:00,10.20849639273365,Waxing Gibbous
2021-05-23 00:00:00,11.20849639300286,Waxing Gibbous
2021-05-24 00:00:00,12.208496392704546,Waxing Gibbous
2021-05-25 00:00:00,13.208496392813686,Full Moon
2021-05-26 00:00:00,14.208496392835514,Full Moon
2021-05-27 00:00:00,14.453203269084042,Full Moon
2021-05-28 00:00:00,13.453203268996731,Full Moon
2021-05-29 00:00:00,12.453203269222286,Waning Gibbous
2021-05-30 00:00:00,11.453203269091318,Waning Gibbous
2021-05-31 00:00:00,10.453203269127698,Waning Gibbous
2021-06-01 00:00:00,9.453203269084042,Waning Gibbous
2021-06-02 00:00:00,8.453203269011283,Third Quarter
2021-06-03 00:00:00,7.453203269091318,Third Quarter
2021-06-04 00:00:00,6.453203268967627,Third Quarter
2021-06-05 00:00:00,5.45320326917863,Waning Crescent
2021-06-06 00:00:00,4.453203269127698,Waning Crescent
2021-06-07 00:00:00,3.4532032691131462,Waning Crescent
2021-06-08 00:00:00,2.4532032691931818,Waning Crescent
2021-06-09 00:00:00,1.45320326914225,New Moon
2021-06-10 00:00:00,0.45320326902583474,New Moon
2021-06-11 00:00:00,0.5467967308650259,New Moon
2021-06-12 00:00:00,1.5467967309305095,New Moon
2021-06-13 00:00:00,2.546796731185168,Waxing Crescent
2021-06-14 00:00:00,3.546796730872302,Waxing Crescent
2021-06-15 00:00:00,4.546796730915958,Waxing Crescent
2021-06-16 00:00:00,5.54679673116334,First Quarter
2021-06-17 00:00:00,6.54679673112696,First Quarter
2021-06-18 00:00:00,7.546796731134236,First Quarter
2021-06-19 00:00:00,8.546796731105132,First Quarter
2021-06-20 00:00:00,9.5467967310542,Waxing Gibbous
2021-06-21 00:00:00,10.546796730835922,Waxing Gibbous
2021-06-22 00:00:00,11.546796730915958,Waxing Gibbous
2021-06-23 00:00:00,12.546796730995993,Waxing Gibbous
2021-06-24 00:00:00,13.546796731046925,Full Moon
2021-06-25 00:00:00,14.546796730872302,Full Moon
2021-06-26 00:00:00,14.053186548080703,Full Moon
2021-06-27 00:00:00,13.053186547753285,Full Moon
2021-06-28 00:00:00,12.053186548037047,Waning Gibbous
2021-06-29 00:00:00,11.053186548051599,Waning Gibbous
2021-06-30 00:00:00,10.05318654779694,Waning Gibbous
2021-07-01 00:00:00,9.053186548044323,Third Quarter
2021-07-02 00:00:00,8.0531865478697,Third Quarter
2021-07-03 00:00:00,7.053186548087979,Third Quarter
2021-07-04 00:00:00,6.053186547913356,Third Quarter
2021-07-05 00:00:00,5.053186548153462,Waning Crescent
2021-07-06 00:00:00,4.053186547804216,Waning Crescent
2021-07-07 00:00:00,3.0531865481680143,Waning Crescent
2021-07-08 00:00:00,2.0531865479133558,Waning Crescent
2021-07-09 00:00:00,1.0531865479715634,New Moon
2021-07-10 00:00:00,0.05318654789152788,New Moon
2021-07-11 00:00:00,0.9468134520429885,New Moon
2021-07-12 00:00:00,1.9468134519265732,Waxing Crescent
2021-07-13 00:00:00,2.9468134518247098,Waxing Crescent
2021-07-14 00:00:00,3.946813451955677,Waxing Crescent
2021-07-15 00:00:00,4.946813452224887,Waxing Crescent
2021-07-16 00:00:00,5.946813451795606,First Quarter
2021-07-17 00:00:00,6.946813451839262,First Quarter
2021-07-18 00:00:00,7.946813452006609,First Quarter
2021-07-19 00:00:00,8.946813451773778,First Quarter
2021-07-20 00:00:00,9.946813451977505,Waxing Gibbous
2021-07-21 00:00:00,10.946813452028437,Waxing Gibbous
2021-07-22 00:00:00,11.946813451962953,Waxing Gibbous
2021-07-23 00:00:00,12.946813451904745,Full Moon
2021-07-24 00:00:00,13.946813451999333,Full Moon
2021-07-25 00:00:00,14.576455585069198,Full Moon
2021-07-26 00:00:00,13.576455585069198,Full Moon
2021-07-27 00:00:00,12.576455585331132,Waning Gibbous
2021-07-28 00:00:00,11.576455585141957,Waning Gibbous
2021-07-29 00:00:00,10.576455585200165,Waning Gibbous
2021-07-30 00:00:00,9.576455585345684,Waning Gibbous
2021-07-31 00:00:00,8.576455585003714,Third Quarter
2021-08-01 00:00:00,7.576455585221993,Third Quarter
2021-08-02 00:00:00,6.57645558535296,Third Quarter
2021-08-03 00:00:00,5.576455585396616,Third Quarter
2021-08-04 00:00:00,4.576455585018266,Waning Crescent
2021-08-05 00:00:00,3.57645558501099,Waning Crescent
2021-08-06 00:00:00,2.5764555851055775,Waning Crescent
2021-08-07 00:00:00,1.5764555851128534,New Moon
2021-08-08 00:00:00,0.5764555851783371,New Moon
2021-08-09 00:00:00,0.423544414297794,New Moon
2021-08-10 00:00:00,1.423544414828939,New Moon
2021-08-11 00:00:00,2.423544414654316,Waxing Crescent
2021-08-12 00:00:00,3.4235444147634553,Waxing Crescent
2021-08-13 00:00:00,4.423544415054494,Waxing Crescent
2021-08-14 00:00:00,5.423544414836215,First Quarter
2021-08-15 00:00:00,6.423544414741627,First Quarter
2021-08-16 00:00:00,7.423544414785283,First Quarter
2021-08-17 00:00:00,8.423544414705248,First Quarter
2021-08-18 00:00:00,9.423544414908974,Waxing Gibbous
2021-08-19 00:00:00,10.423544414792559,Waxing Gibbous
2021-08-20 00:00:00,11.423544414872595,Waxing Gibbous
2021-08-21 00:00:00,12.42354441491625,Waxing Gibbous
2021-08-22 00:00:00,13.423544414792559,Full Moon
2021-08-23 00:00:00,14.423544414588832,Full Moon
2021-08-24 00:00:00,14.035924671923567,Full Moon
2021-08-25 00:00:00,13.035924671785324,Full Moon
2021-08-26 00:00:00,12.03592467186536,Waning Gibbous
2021-08-27 00:00:00,11.03592467145063,Waning Gibbous
2021-08-28 00:00:00,10.035924671778048,Waning Gibbous
2021-08-29 00:00:00,9.03592467148701,Third Quarter
2021-08-30 00:00:00,8.035924671923567,Third Quarter
2021-08-31 00:00:00,7.03592467171984,Third Quarter
2021-09-01 00:00:00,6.035924671639805,Third Quarter
2021-09-02 00:00:00,5.035924671807152,Waning Crescent
2021-09-03 00:00:00,4.035924671465182,Waning Crescent
2021-09-04 00:00:00,3.035924671916291,Waning Crescent
2021-09-05 00:00:00,2.0359246715452173,Waning Crescent
2021-09-06 00:00:00,1.0359246715597692,New Moon
2021-09-07 00:00:00,0.035924672316468786,New Moon
2021-09-08 00:00:00,0.9640753282074002,New Moon
2021-09-09 00:00:00,1.9640753284984385,Waxing Crescent
2021-09-10 00:00:00,2.9640753281419165,Waxing Crescent
2021-09-11 00:00:00,3.9640753283165395,Waxing Crescent
2021-09-12 00:00:00,4.964075328178296,Waxing Crescent
2021-09-13 00:00:00,5.964075328476611,First Quarter
2021-09-14 00:00:00,6.964075328105537,First Quarter
2021-09-15 00:00:00,7.964075328294712,First Quarter
2021-09-16 00:00:00,8.964075328462059,First Quarter
2021-09-17 00:00:00,9.964075328505714,Waxing Gibbous
2021-09-18 00:00:00,10.964075328265608,Waxing Gibbous
2021-09-19 00:00:00,11.964075328149193,Waxing Gibbous
2021-09-20 00:00:00,12.964075328301988,Full Moon
2021-09-21 00:00:00,13.964075328382023,Full Moon
2021-09-22 00:00:00,14.462059392026276,Full Moon
2021-09-23 00:00:00,13.462059392368246,Full Moon
2021-09-24 00:00:00,12.462059392033552,Waning Gibbous
2021-09-25 00:00:00,11.462059392462834,Waning Gibbous
2021-09-26 00:00:00,10.46205939243373,Waning Gibbous
2021-09-27 00:00:00,9.46205939243373,Waning Gibbous
2021-09-28 00:00:00,8.462059392099036,Third Quarter
2021-09-29 00:00:00,7.46205939239735,Third Quarter
2021-09-30 00:00:00,6.462059392455558,Third Quarter
2021-10-01 00:00:00,5.462059392120864,Waning Crescent
2021-10-02 00:00:00,4.462059392077208,Waning Crescent
2021-10-03 00:00:00,3.462059392222727,Waning Crescent
2021-10-04 00:00:00,2.462059392390074,Waning Crescent
2021-10-05 00:00:00,1.4620593922154512,New Moon
2021-10-06 00:00:00,0.462059392251831,New Moon
2021-10-07 00:00:00,0.5379406075444422,New Moon
2021-10-08 00:00:00,1.5379406076681335,New Moon
2021-10-09 00:00:00,2.5379406079882756,Waxing Crescent
2021-10-10 00:00:00,3.5379406075080624,Waxing Crescent
2021-10-11 00:00:00,4.537940607769997,Waxing Crescent
2021-10-12 00:00:00,5.537940607784549,First Quarter
2021-10-13 00:00:00,6.53794060790824,First Quarter
2021-10-14 00:00:00,7.537940607886412,First Quarter
2021-10-15 00:00:00,8.537940607762721,First Quarter
2021-10-16 00:00:00,9.537940607682685,Waxing Gibbous
2021-10-17 00:00:00,10.537940607973724,Waxing Gibbous
2021-10-18 00:00:00,11.537940607922792,Waxing Gibbous
2021-10-19 00:00:00,12.53794060752989,Waxing Gibbous
2021-10-20 00:00:00,13.537940607704513,Full Moon
2021-10-21 00:00:00,14.537940607981,Full Moon
2021-10-22 00:00:00,13.885129583919479,Full Moon
2021-10-23 00:00:00,12.88512958377396,Waning Gibbous
2021-10-24 00:00:00,11.885129584145034,Waning Gibbous
2021-10-25 00:00:00,10.885129584057722,Waning Gibbous
2021-10-26 00:00:00,9.885129583759408,Waning Gibbous
2021-10-27 00:00:00,8.885129583839444,Third Quarter
2021-10-28 00:00:00,7.885129584195965,Third Quarter
2021-10-29 00:00:00,6.885129584137758,Third Quarter
2021-10-30 00:00:00,5.885129584064998,Third Quarter
2021-10-31 00:00:00,4.8851295841886895,Waning Crescent
2021-11-01 00:00:00,3.8851295842323452,Waning Crescent
2021-11-02 00:00:00,2.8851295838539954,Waning Crescent
2021-11-03 00:00:00,1.8851295841886895,Waning Crescent
2021-11-04 00:00:00,0.8851295838612714,New Moon
2021-11-05 00:00:00,0.11487041587679414,New Moon
2021-11-06 00:00:00,1.1148704157894826,New Moon
2021-11-07 00:00:00,2.1148704157749307,Waxing Crescent
2021-11-08 00:00:00,3.1148704158040346,Waxing Crescent
2021-11-09 00:00:00,4.114870416116901,Waxing Crescent
2021-11-10 00:00:00,5.1148704158185865,Waxing Crescent
2021-11-11 00:00:00,6.114870415891346,First Quarter
2021-11-12 00:00:00,7.1148704161532805,First Quarter
2021-11-13 00:00:00,8.114870416175108,First Quarter
2021-11-14 00:00:00,9.114870415789483,Waxing Gibbous
2021-11-15 00:00:00,10.114870416167832,Waxing Gibbous
2021-11-16 00:00:00,11.114870416124177,Waxing Gibbous
2021-11-17 00:00:00,12.114870416233316,Waxing Gibbous
2021-11-18 00:00:00,13.114870416095073,Full Moon
2021-11-19 00:00:00,14.1148704161169,Full Moon
2021-11-20 00:00:00,14.321536745854246,Full Moon
2021-11-21 00:00:00,13.321536745861522,Full Moon
2021-11-22 00:00:00,12.321536745876074,Waning Gibbous
2021-11-23 00:00:00,11.321536745948833,Waning Gibbous
2021-11-24 00:00:00,10.321536745861522,Waning Gibbous
2021-11-25 00:00:00,9.321536745948833,Waning Gibbous
2021-11-26 00:00:00,8.321536745934281,Third Quarter
2021-11-27 00:00:00,7.321536746079801,Third Quarter
2021-11-28 00:00:00,6.321536745665071,Third Quarter
2021-11-29 00:00:00,5.321536745635967,Waning Crescent
2021-11-30 00:00:00,4.321536745948833,Waning Crescent
2021-12-01 00:00:00,3.3215367457814864,Waning Crescent
2021-12-02 00:00:00,2.321536745643243,Waning Crescent
2021-12-03 00:00:00,1.3215367460506968,New Moon
2021-12-04 00:00:00,0.32153674607980065,New Moon
2021-12-05 00:00:00,0.6784632540875464,New Moon
2021-12-06 00:00:00,1.678463253978407,New Moon
2021-12-07 00:00:00,2.678463254123926,Waxing Crescent
2021-12-08 00:00:00,3.6784632540584425,Waxing Crescent
2021-12-09 00:00:00,4.678463254349481,Waxing Crescent
2021-12-10 00:00:00,5.678463253920199,First Quarter
2021-12-11 00:00:00,6.678463254138478,First Quarter
2021-12-12 00:00:00,7.6784632540729945,First Quarter
2021-12-13 00:00:00,8.678463253934751,First Quarter
2021-12-14 00:00:00,9.67846325400751,Waxing Gibbous
2021-12-15 00:00:00,10.67846325395658,Waxing Gibbous
2021-12-16 00:00:00,11.67846325438586,Waxing Gibbous
2021-12-17 00:00:00,12.678463253934751,Waxing Gibbous
2021-12-18 00:00:00,13.678463254291273,Full Moon
2021-12-19 00:00:00,14.678463254145754,Full Moon
2021-12-20 00:00:00,13.773258007291588,Full Moon
2021-12-21 00:00:00,12.773258006942342,Waning Gibbous
2021-12-22 00:00:00,11.773258007262484,Waning Gibbous
2021-12-23 00:00:00,10.773258006847755,Waning Gibbous
2021-12-24 00:00:00,9.773258007247932,Waning Gibbous
2021-12-25 00:00:00,8.773258006898686,Third Quarter
2021-12-26 00:00:00,7.773258007226104,Third Quarter
2021-12-27 00:00:00,6.773258007327968,Third Quarter
2021-12-28 00:00:00,5.773258006898686,Third Quarter
2021-12-29 00:00:00,4.773258006935066,Waning Crescent
2021-12-30 00:00:00,3.7732580070078257,Waning Crescent
2021-12-31 00:00:00,2.7732580068404786,Waning Crescent
